,features,rating,image,dim,level
1,"('0', 'flow', 'attractive', '1')",23.389714285714284,0,attractive,1
2,"('0', 'flow', 'attractive', '2')",28.90162162162162,0,attractive,2
3,"('0', 'flow', 'attractive', '3')",30.533214285714283,0,attractive,3
4,"('0', 'flow', 'attractive', '4')",43.332424242424246,0,attractive,4
6,"('0', 'flow', 'trustworthy', '1')",63.36914285714286,0,trustworthy,1
7,"('0', 'flow', 'trustworthy', '2')",69.58351351351352,0,trustworthy,2
8,"('0', 'flow', 'trustworthy', '3')",73.08035714285714,0,trustworthy,3
9,"('0', 'flow', 'trustworthy', '4')",66.4090909090909,0,trustworthy,4
21,"('1', 'flow', 'attractive', '1')",50.1935,1,attractive,1
22,"('1', 'flow', 'attractive', '2')",68.44685714285714,1,attractive,2
23,"('1', 'flow', 'attractive', '3')",73.39675675675676,1,attractive,3
24,"('1', 'flow', 'attractive', '4')",79.12,1,attractive,4
26,"('1', 'flow', 'trustworthy', '1')",56.325250000000004,1,trustworthy,1
27,"('1', 'flow', 'trustworthy', '2')",65.26914285714285,1,trustworthy,2
28,"('1', 'flow', 'trustworthy', '3')",55.61567567567568,1,trustworthy,3
29,"('1', 'flow', 'trustworthy', '4')",60.5375,1,trustworthy,4
41,"('10', 'flow', 'attractive', '1')",59.52171428571429,10,attractive,1
42,"('10', 'flow', 'attractive', '2')",69.52864864864864,10,attractive,2
43,"('10', 'flow', 'attractive', '3')",78.15107142857143,10,attractive,3
44,"('10', 'flow', 'attractive', '4')",81.90575757575758,10,attractive,4
46,"('10', 'flow', 'trustworthy', '1')",52.55,10,trustworthy,1
47,"('10', 'flow', 'trustworthy', '2')",57.74594594594594,10,trustworthy,2
48,"('10', 'flow', 'trustworthy', '3')",56.54571428571428,10,trustworthy,3
49,"('10', 'flow', 'trustworthy', '4')",47.24030303030303,10,trustworthy,4
61,"('11', 'flow', 'attractive', '1')",64.73474999999999,11,attractive,1
62,"('11', 'flow', 'attractive', '2')",71.70371428571428,11,attractive,2
63,"('11', 'flow', 'attractive', '3')",72.25918918918919,11,attractive,3
64,"('11', 'flow', 'attractive', '4')",72.33,11,attractive,4
66,"('11', 'flow', 'trustworthy', '1')",59.3575,11,trustworthy,1
67,"('11', 'flow', 'trustworthy', '2')",50.95542857142857,11,trustworthy,2
68,"('11', 'flow', 'trustworthy', '3')",60.29756756756756,11,trustworthy,3
69,"('11', 'flow', 'trustworthy', '4')",62.10142857142857,11,trustworthy,4
81,"('12', 'flow', 'attractive', '1')",42.431666666666665,12,attractive,1
82,"('12', 'flow', 'attractive', '2')",41.7755,12,attractive,2
83,"('12', 'flow', 'attractive', '3')",47.25685714285714,12,attractive,3
84,"('12', 'flow', 'attractive', '4')",52.26432432432432,12,attractive,4
86,"('12', 'flow', 'trustworthy', '1')",47.59466666666666,12,trustworthy,1
87,"('12', 'flow', 'trustworthy', '2')",47.878,12,trustworthy,2
88,"('12', 'flow', 'trustworthy', '3')",45.978857142857144,12,trustworthy,3
89,"('12', 'flow', 'trustworthy', '4')",49.012972972972975,12,trustworthy,4
101,"('13', 'flow', 'attractive', '1')",46.84068965517242,13,attractive,1
102,"('13', 'flow', 'attractive', '2')",48.016333333333336,13,attractive,2
103,"('13', 'flow', 'attractive', '3')",54.807500000000005,13,attractive,3
104,"('13', 'flow', 'attractive', '4')",61.33057142857143,13,attractive,4
106,"('13', 'flow', 'trustworthy', '1')",48.243448275862065,13,trustworthy,1
107,"('13', 'flow', 'trustworthy', '2')",54.986999999999995,13,trustworthy,2
108,"('13', 'flow', 'trustworthy', '3')",57.967999999999996,13,trustworthy,3
109,"('13', 'flow', 'trustworthy', '4')",62.43828571428572,13,trustworthy,4
121,"('14', 'flow', 'attractive', '1')",39.83358974358974,14,attractive,1
122,"('14', 'flow', 'attractive', '2')",43.86724137931035,14,attractive,2
123,"('14', 'flow', 'attractive', '3')",43.688,14,attractive,3
124,"('14', 'flow', 'attractive', '4')",52.44,14,attractive,4
126,"('14', 'flow', 'trustworthy', '1')",53.35025641025641,14,trustworthy,1
127,"('14', 'flow', 'trustworthy', '2')",59.89896551724138,14,trustworthy,2
128,"('14', 'flow', 'trustworthy', '3')",59.284666666666666,14,trustworthy,3
129,"('14', 'flow', 'trustworthy', '4')",67.60650000000001,14,trustworthy,4
141,"('15', 'flow', 'attractive', '1')",46.11115384615385,15,attractive,1
142,"('15', 'flow', 'attractive', '2')",55.818717948717946,15,attractive,2
143,"('15', 'flow', 'attractive', '3')",57.710344827586205,15,attractive,3
144,"('15', 'flow', 'attractive', '4')",63.59633333333333,15,attractive,4
146,"('15', 'flow', 'trustworthy', '1')",36.11,15,trustworthy,1
147,"('15', 'flow', 'trustworthy', '2')",48.52487179487179,15,trustworthy,2
148,"('15', 'flow', 'trustworthy', '3')",52.88793103448276,15,trustworthy,3
149,"('15', 'flow', 'trustworthy', '4')",50.852,15,trustworthy,4
161,"('16', 'flow', 'attractive', '1')",46.938095238095244,16,attractive,1
162,"('16', 'flow', 'attractive', '2')",49.83807692307692,16,attractive,2
163,"('16', 'flow', 'attractive', '3')",57.23871794871795,16,attractive,3
164,"('16', 'flow', 'attractive', '4')",60.929655172413796,16,attractive,4
166,"('16', 'flow', 'trustworthy', '1')",58.68761904761905,16,trustworthy,1
167,"('16', 'flow', 'trustworthy', '2')",60.42923076923077,16,trustworthy,2
168,"('16', 'flow', 'trustworthy', '3')",64.24692307692308,16,trustworthy,3
169,"('16', 'flow', 'trustworthy', '4')",65.32103448275862,16,trustworthy,4
181,"('17', 'flow', 'attractive', '1')",54.630303030303025,17,attractive,1
182,"('17', 'flow', 'attractive', '2')",57.43928571428571,17,attractive,2
183,"('17', 'flow', 'attractive', '3')",58.49269230769231,17,attractive,3
184,"('17', 'flow', 'attractive', '4')",67.95282051282051,17,attractive,4
186,"('17', 'flow', 'trustworthy', '1')",48.85545454545455,17,trustworthy,1
187,"('17', 'flow', 'trustworthy', '2')",45.35333333333333,17,trustworthy,2
188,"('17', 'flow', 'trustworthy', '3')",48.64846153846155,17,trustworthy,3
189,"('17', 'flow', 'trustworthy', '4')",49.02179487179487,17,trustworthy,4
201,"('18', 'flow', 'attractive', '1')",54.082857142857144,18,attractive,1
202,"('18', 'flow', 'attractive', '2')",56.29818181818182,18,attractive,2
203,"('18', 'flow', 'attractive', '3')",55.51571428571428,18,attractive,3
204,"('18', 'flow', 'attractive', '4')",57.1023076923077,18,attractive,4
206,"('18', 'flow', 'trustworthy', '1')",63.53928571428571,18,trustworthy,1
207,"('18', 'flow', 'trustworthy', '2')",58.60272727272728,18,trustworthy,2
208,"('18', 'flow', 'trustworthy', '3')",61.46523809523809,18,trustworthy,3
209,"('18', 'flow', 'trustworthy', '4')",59.88269230769231,18,trustworthy,4
221,"('19', 'flow', 'attractive', '1')",62.976486486486486,19,attractive,1
222,"('19', 'flow', 'attractive', '2')",73.86678571428571,19,attractive,2
223,"('19', 'flow', 'attractive', '3')",72.72848484848485,19,attractive,3
224,"('19', 'flow', 'attractive', '4')",74.06714285714285,19,attractive,4
226,"('19', 'flow', 'trustworthy', '1')",51.04081081081081,19,trustworthy,1
227,"('19', 'flow', 'trustworthy', '2')",54.021428571428565,19,trustworthy,2
228,"('19', 'flow', 'trustworthy', '3')",49.333333333333336,19,trustworthy,3
229,"('19', 'flow', 'trustworthy', '4')",54.491904761904756,19,trustworthy,4
241,"('2', 'flow', 'attractive', '1')",36.361666666666665,2,attractive,1
242,"('2', 'flow', 'attractive', '2')",40.7005,2,attractive,2
243,"('2', 'flow', 'attractive', '3')",52.71742857142857,2,attractive,3
244,"('2', 'flow', 'attractive', '4')",56.744864864864866,2,attractive,4
246,"('2', 'flow', 'trustworthy', '1')",42.67366666666667,2,trustworthy,1
247,"('2', 'flow', 'trustworthy', '2')",39.769999999999996,2,trustworthy,2
248,"('2', 'flow', 'trustworthy', '3')",53.28885714285714,2,trustworthy,3
249,"('2', 'flow', 'trustworthy', '4')",52.0545945945946,2,trustworthy,4
261,"('20', 'flow', 'attractive', '1')",53.998285714285714,20,attractive,1
262,"('20', 'flow', 'attractive', '2')",57.68810810810811,20,attractive,2
263,"('20', 'flow', 'attractive', '3')",66.19142857142857,20,attractive,3
264,"('20', 'flow', 'attractive', '4')",65.22969696969697,20,attractive,4
266,"('20', 'flow', 'trustworthy', '1')",45.033142857142856,20,trustworthy,1
267,"('20', 'flow', 'trustworthy', '2')",48.80162162162162,20,trustworthy,2
268,"('20', 'flow', 'trustworthy', '3')",57.986785714285716,20,trustworthy,3
269,"('20', 'flow', 'trustworthy', '4')",51.00333333333334,20,trustworthy,4
281,"('21', 'flow', 'attractive', '1')",43.6935,21,attractive,1
282,"('21', 'flow', 'attractive', '2')",64.27657142857143,21,attractive,2
283,"('21', 'flow', 'attractive', '3')",65.16378378378378,21,attractive,3
284,"('21', 'flow', 'attractive', '4')",66.40107142857143,21,attractive,4
286,"('21', 'flow', 'trustworthy', '1')",58.823249999999994,21,trustworthy,1
287,"('21', 'flow', 'trustworthy', '2')",63.02428571428571,21,trustworthy,2
288,"('21', 'flow', 'trustworthy', '3')",62.24351351351352,21,trustworthy,3
289,"('21', 'flow', 'trustworthy', '4')",63.35142857142857,21,trustworthy,4
301,"('22', 'flow', 'attractive', '1')",52.416000000000004,22,attractive,1
302,"('22', 'flow', 'attractive', '2')",60.226,22,attractive,2
303,"('22', 'flow', 'attractive', '3')",58.65428571428572,22,attractive,3
304,"('22', 'flow', 'attractive', '4')",65.16243243243242,22,attractive,4
306,"('22', 'flow', 'trustworthy', '1')",48.649,22,trustworthy,1
307,"('22', 'flow', 'trustworthy', '2')",57.83,22,trustworthy,2
308,"('22', 'flow', 'trustworthy', '3')",53.43457142857143,22,trustworthy,3
309,"('22', 'flow', 'trustworthy', '4')",62.56459459459459,22,trustworthy,4
321,"('23', 'flow', 'attractive', '1')",61.43206896551724,23,attractive,1
322,"('23', 'flow', 'attractive', '2')",50.32899999999999,23,attractive,2
323,"('23', 'flow', 'attractive', '3')",60.8375,23,attractive,3
324,"('23', 'flow', 'attractive', '4')",72.19057142857143,23,attractive,4
326,"('23', 'flow', 'trustworthy', '1')",59.55137931034483,23,trustworthy,1
327,"('23', 'flow', 'trustworthy', '2')",57.65566666666667,23,trustworthy,2
328,"('23', 'flow', 'trustworthy', '3')",62.53225,23,trustworthy,3
329,"('23', 'flow', 'trustworthy', '4')",61.47685714285714,23,trustworthy,4
341,"('24', 'flow', 'attractive', '1')",38.33692307692308,24,attractive,1
342,"('24', 'flow', 'attractive', '2')",42.79241379310345,24,attractive,2
343,"('24', 'flow', 'attractive', '3')",39.027,24,attractive,3
344,"('24', 'flow', 'attractive', '4')",43.79,24,attractive,4
346,"('24', 'flow', 'trustworthy', '1')",39.97820512820513,24,trustworthy,1
347,"('24', 'flow', 'trustworthy', '2')",44.64068965517241,24,trustworthy,2
348,"('24', 'flow', 'trustworthy', '3')",39.362,24,trustworthy,3
349,"('24', 'flow', 'trustworthy', '4')",38.3845,24,trustworthy,4
361,"('25', 'flow', 'attractive', '1')",25.59,25,attractive,1
362,"('25', 'flow', 'attractive', '2')",36.079487179487174,25,attractive,2
363,"('25', 'flow', 'attractive', '3')",35.43344827586207,25,attractive,3
364,"('25', 'flow', 'attractive', '4')",31.900666666666666,25,attractive,4
366,"('25', 'flow', 'trustworthy', '1')",51.63,25,trustworthy,1
367,"('25', 'flow', 'trustworthy', '2')",58.44461538461539,25,trustworthy,2
368,"('25', 'flow', 'trustworthy', '3')",57.99068965517242,25,trustworthy,3
369,"('25', 'flow', 'trustworthy', '4')",53.724666666666664,25,trustworthy,4
381,"('26', 'flow', 'attractive', '1')",57.07619047619047,26,attractive,1
382,"('26', 'flow', 'attractive', '2')",54.07653846153846,26,attractive,2
383,"('26', 'flow', 'attractive', '3')",61.84025641025641,26,attractive,3
384,"('26', 'flow', 'attractive', '4')",51.862758620689654,26,attractive,4
386,"('26', 'flow', 'trustworthy', '1')",69.18380952380951,26,trustworthy,1
387,"('26', 'flow', 'trustworthy', '2')",62.7173076923077,26,trustworthy,2
388,"('26', 'flow', 'trustworthy', '3')",64.34410256410257,26,trustworthy,3
389,"('26', 'flow', 'trustworthy', '4')",63.36413793103448,26,trustworthy,4
401,"('27', 'flow', 'attractive', '1')",39.18454545454545,27,attractive,1
402,"('27', 'flow', 'attractive', '2')",38.10214285714286,27,attractive,2
403,"('27', 'flow', 'attractive', '3')",48.07423076923077,27,attractive,3
404,"('27', 'flow', 'attractive', '4')",47.03307692307692,27,attractive,4
406,"('27', 'flow', 'trustworthy', '1')",38.406666666666666,27,trustworthy,1
407,"('27', 'flow', 'trustworthy', '2')",32.954047619047614,27,trustworthy,2
408,"('27', 'flow', 'trustworthy', '3')",40.11269230769231,27,trustworthy,3
409,"('27', 'flow', 'trustworthy', '4')",45.899743589743586,27,trustworthy,4
421,"('28', 'flow', 'attractive', '1')",64.22035714285714,28,attractive,1
422,"('28', 'flow', 'attractive', '2')",60.50545454545455,28,attractive,2
423,"('28', 'flow', 'attractive', '3')",70.67952380952381,28,attractive,3
424,"('28', 'flow', 'attractive', '4')",72.15461538461538,28,attractive,4
426,"('28', 'flow', 'trustworthy', '1')",63.845000000000006,28,trustworthy,1
427,"('28', 'flow', 'trustworthy', '2')",59.28393939393939,28,trustworthy,2
428,"('28', 'flow', 'trustworthy', '3')",65.50809523809524,28,trustworthy,3
429,"('28', 'flow', 'trustworthy', '4')",62.302307692307686,28,trustworthy,4
441,"('29', 'flow', 'attractive', '1')",56.49243243243243,29,attractive,1
442,"('29', 'flow', 'attractive', '2')",56.36714285714286,29,attractive,2
443,"('29', 'flow', 'attractive', '3')",58.27666666666667,29,attractive,3
444,"('29', 'flow', 'attractive', '4')",57.56428571428571,29,attractive,4
446,"('29', 'flow', 'trustworthy', '1')",54.79837837837838,29,trustworthy,1
447,"('29', 'flow', 'trustworthy', '2')",60.294642857142854,29,trustworthy,2
448,"('29', 'flow', 'trustworthy', '3')",55.450303030303026,29,trustworthy,3
449,"('29', 'flow', 'trustworthy', '4')",64.49666666666667,29,trustworthy,4
461,"('3', 'flow', 'attractive', '1')",46.55965517241379,3,attractive,1
462,"('3', 'flow', 'attractive', '2')",49.480000000000004,3,attractive,2
463,"('3', 'flow', 'attractive', '3')",60.378499999999995,3,attractive,3
464,"('3', 'flow', 'attractive', '4')",60.57342857142858,3,attractive,4
466,"('3', 'flow', 'trustworthy', '1')",50.64793103448276,3,trustworthy,1
467,"('3', 'flow', 'trustworthy', '2')",51.977333333333334,3,trustworthy,2
468,"('3', 'flow', 'trustworthy', '3')",58.31725,3,trustworthy,3
469,"('3', 'flow', 'trustworthy', '4')",56.568000000000005,3,trustworthy,4
481,"('30', 'flow', 'attractive', '1')",55.286857142857144,30,attractive,1
482,"('30', 'flow', 'attractive', '2')",55.40297297297297,30,attractive,2
483,"('30', 'flow', 'attractive', '3')",65.56821428571429,30,attractive,3
484,"('30', 'flow', 'attractive', '4')",64.1939393939394,30,attractive,4
486,"('30', 'flow', 'trustworthy', '1')",59.39914285714285,30,trustworthy,1
487,"('30', 'flow', 'trustworthy', '2')",61.97837837837837,30,trustworthy,2
488,"('30', 'flow', 'trustworthy', '3')",68.24821428571428,30,trustworthy,3
489,"('30', 'flow', 'trustworthy', '4')",60.60848484848485,30,trustworthy,4
501,"('31', 'flow', 'attractive', '1')",73.1865,31,attractive,1
502,"('31', 'flow', 'attractive', '2')",71.644,31,attractive,2
503,"('31', 'flow', 'attractive', '3')",76.16864864864864,31,attractive,3
504,"('31', 'flow', 'attractive', '4')",77.8075,31,attractive,4
506,"('31', 'flow', 'trustworthy', '1')",61.70725,31,trustworthy,1
507,"('31', 'flow', 'trustworthy', '2')",65.12400000000001,31,trustworthy,2
508,"('31', 'flow', 'trustworthy', '3')",63.494864864864866,31,trustworthy,3
509,"('31', 'flow', 'trustworthy', '4')",58.487500000000004,31,trustworthy,4
521,"('32', 'flow', 'attractive', '1')",33.12133333333333,32,attractive,1
522,"('32', 'flow', 'attractive', '2')",44.91275,32,attractive,2
523,"('32', 'flow', 'attractive', '3')",49.67142857142857,32,attractive,3
524,"('32', 'flow', 'attractive', '4')",50.48135135135135,32,attractive,4
526,"('32', 'flow', 'trustworthy', '1')",51.446000000000005,32,trustworthy,1
527,"('32', 'flow', 'trustworthy', '2')",50.7605,32,trustworthy,2
528,"('32', 'flow', 'trustworthy', '3')",51.611428571428576,32,trustworthy,3
529,"('32', 'flow', 'trustworthy', '4')",62.02594594594595,32,trustworthy,4
541,"('33', 'flow', 'attractive', '1')",48.077241379310344,33,attractive,1
542,"('33', 'flow', 'attractive', '2')",44.54066666666667,33,attractive,2
543,"('33', 'flow', 'attractive', '3')",66.13575,33,attractive,3
544,"('33', 'flow', 'attractive', '4')",75.72914285714286,33,attractive,4
546,"('33', 'flow', 'trustworthy', '1')",57.199999999999996,33,trustworthy,1
547,"('33', 'flow', 'trustworthy', '2')",54.57966666666666,33,trustworthy,2
548,"('33', 'flow', 'trustworthy', '3')",55.908,33,trustworthy,3
549,"('33', 'flow', 'trustworthy', '4')",59.539142857142856,33,trustworthy,4
561,"('34', 'flow', 'attractive', '1')",51.83205128205128,34,attractive,1
562,"('34', 'flow', 'attractive', '2')",56.39793103448276,34,attractive,2
563,"('34', 'flow', 'attractive', '3')",48.99433333333333,34,attractive,3
564,"('34', 'flow', 'attractive', '4')",54.958000000000006,34,attractive,4
566,"('34', 'flow', 'trustworthy', '1')",45.01615384615385,34,trustworthy,1
567,"('34', 'flow', 'trustworthy', '2')",47.80034482758621,34,trustworthy,2
568,"('34', 'flow', 'trustworthy', '3')",54.65466666666667,34,trustworthy,3
569,"('34', 'flow', 'trustworthy', '4')",58.318,34,trustworthy,4
581,"('35', 'flow', 'attractive', '1')",34.84538461538462,35,attractive,1
582,"('35', 'flow', 'attractive', '2')",40.275897435897434,35,attractive,2
583,"('35', 'flow', 'attractive', '3')",45.5251724137931,35,attractive,3
584,"('35', 'flow', 'attractive', '4')",44.78866666666667,35,attractive,4
586,"('35', 'flow', 'trustworthy', '1')",46.02538461538462,35,trustworthy,1
587,"('35', 'flow', 'trustworthy', '2')",44.49948717948718,35,trustworthy,2
588,"('35', 'flow', 'trustworthy', '3')",47.58724137931034,35,trustworthy,3
589,"('35', 'flow', 'trustworthy', '4')",44.96033333333333,35,trustworthy,4
601,"('36', 'flow', 'attractive', '1')",29.57857142857143,36,attractive,1
602,"('36', 'flow', 'attractive', '2')",40.92346153846154,36,attractive,2
603,"('36', 'flow', 'attractive', '3')",47.230000000000004,36,attractive,3
604,"('36', 'flow', 'attractive', '4')",51.34655172413793,36,attractive,4
606,"('36', 'flow', 'trustworthy', '1')",50.451904761904764,36,trustworthy,1
607,"('36', 'flow', 'trustworthy', '2')",51.096923076923076,36,trustworthy,2
608,"('36', 'flow', 'trustworthy', '3')",57.19717948717949,36,trustworthy,3
609,"('36', 'flow', 'trustworthy', '4')",56.31965517241379,36,trustworthy,4
621,"('37', 'flow', 'attractive', '1')",65.49060606060607,37,attractive,1
622,"('37', 'flow', 'attractive', '2')",69.49738095238095,37,attractive,2
623,"('37', 'flow', 'attractive', '3')",67.92923076923077,37,attractive,3
624,"('37', 'flow', 'attractive', '4')",75.28282051282052,37,attractive,4
626,"('37', 'flow', 'trustworthy', '1')",59.60515151515152,37,trustworthy,1
627,"('37', 'flow', 'trustworthy', '2')",54.7102380952381,37,trustworthy,2
628,"('37', 'flow', 'trustworthy', '3')",63.08923076923077,37,trustworthy,3
629,"('37', 'flow', 'trustworthy', '4')",66.7125641025641,37,trustworthy,4
641,"('38', 'flow', 'attractive', '1')",57.83821428571429,38,attractive,1
642,"('38', 'flow', 'attractive', '2')",59.64848484848485,38,attractive,2
643,"('38', 'flow', 'attractive', '3')",61.73952380952381,38,attractive,3
644,"('38', 'flow', 'attractive', '4')",64.93307692307692,38,attractive,4
646,"('38', 'flow', 'trustworthy', '1')",49.51714285714286,38,trustworthy,1
647,"('38', 'flow', 'trustworthy', '2')",51.17424242424242,38,trustworthy,2
648,"('38', 'flow', 'trustworthy', '3')",53.83071428571428,38,trustworthy,3
649,"('38', 'flow', 'trustworthy', '4')",52.11538461538461,38,trustworthy,4
661,"('39', 'flow', 'attractive', '1')",60.72135135135135,39,attractive,1
662,"('39', 'flow', 'attractive', '2')",60.68464285714286,39,attractive,2
663,"('39', 'flow', 'attractive', '3')",66.9639393939394,39,attractive,3
664,"('39', 'flow', 'attractive', '4')",72.45857142857142,39,attractive,4
666,"('39', 'flow', 'trustworthy', '1')",56.182702702702706,39,trustworthy,1
667,"('39', 'flow', 'trustworthy', '2')",62.549642857142864,39,trustworthy,2
668,"('39', 'flow', 'trustworthy', '3')",55.72060606060606,39,trustworthy,3
669,"('39', 'flow', 'trustworthy', '4')",58.91904761904762,39,trustworthy,4
681,"('4', 'flow', 'attractive', '1')",60.60025641025641,4,attractive,1
682,"('4', 'flow', 'attractive', '2')",62.281724137931036,4,attractive,2
683,"('4', 'flow', 'attractive', '3')",60.693666666666665,4,attractive,3
684,"('4', 'flow', 'attractive', '4')",72.89425,4,attractive,4
686,"('4', 'flow', 'trustworthy', '1')",59.97102564102564,4,trustworthy,1
687,"('4', 'flow', 'trustworthy', '2')",58.63,4,trustworthy,2
688,"('4', 'flow', 'trustworthy', '3')",60.31733333333333,4,trustworthy,3
689,"('4', 'flow', 'trustworthy', '4')",65.9525,4,trustworthy,4
701,"('40', 'flow', 'attractive', '1')",47.87771428571428,40,attractive,1
702,"('40', 'flow', 'attractive', '2')",51.504864864864864,40,attractive,2
703,"('40', 'flow', 'attractive', '3')",56.5525,40,attractive,3
704,"('40', 'flow', 'attractive', '4')",57.88484848484848,40,attractive,4
706,"('40', 'flow', 'trustworthy', '1')",50.373714285714286,40,trustworthy,1
707,"('40', 'flow', 'trustworthy', '2')",50.60324324324324,40,trustworthy,2
708,"('40', 'flow', 'trustworthy', '3')",57.205,40,trustworthy,3
709,"('40', 'flow', 'trustworthy', '4')",47.983939393939394,40,trustworthy,4
721,"('41', 'flow', 'attractive', '1')",37.2645,41,attractive,1
722,"('41', 'flow', 'attractive', '2')",46.533142857142856,41,attractive,2
723,"('41', 'flow', 'attractive', '3')",49.46675675675676,41,attractive,3
724,"('41', 'flow', 'attractive', '4')",49.55142857142857,41,attractive,4
726,"('41', 'flow', 'trustworthy', '1')",51.50975,41,trustworthy,1
727,"('41', 'flow', 'trustworthy', '2')",57.434000000000005,41,trustworthy,2
728,"('41', 'flow', 'trustworthy', '3')",57.75756756756757,41,trustworthy,3
729,"('41', 'flow', 'trustworthy', '4')",64.1557142857143,41,trustworthy,4
741,"('42', 'flow', 'attractive', '1')",39.702999999999996,42,attractive,1
742,"('42', 'flow', 'attractive', '2')",50.051,42,attractive,2
743,"('42', 'flow', 'attractive', '3')",55.87057142857143,42,attractive,3
744,"('42', 'flow', 'attractive', '4')",50.7072972972973,42,attractive,4
746,"('42', 'flow', 'trustworthy', '1')",48.977333333333334,42,trustworthy,1
747,"('42', 'flow', 'trustworthy', '2')",52.8745,42,trustworthy,2
748,"('42', 'flow', 'trustworthy', '3')",55.041428571428575,42,trustworthy,3
749,"('42', 'flow', 'trustworthy', '4')",57.685135135135134,42,trustworthy,4
761,"('43', 'flow', 'attractive', '1')",37.68,43,attractive,1
762,"('43', 'flow', 'attractive', '2')",43.373000000000005,43,attractive,2
763,"('43', 'flow', 'attractive', '3')",55.29375,43,attractive,3
764,"('43', 'flow', 'attractive', '4')",61.32942857142858,43,attractive,4
766,"('43', 'flow', 'trustworthy', '1')",62.925862068965515,43,trustworthy,1
767,"('43', 'flow', 'trustworthy', '2')",56.705333333333336,43,trustworthy,2
768,"('43', 'flow', 'trustworthy', '3')",62.465250000000005,43,trustworthy,3
769,"('43', 'flow', 'trustworthy', '4')",60.49114285714286,43,trustworthy,4
781,"('44', 'flow', 'attractive', '1')",71.90435897435897,44,attractive,1
782,"('44', 'flow', 'attractive', '2')",74.86896551724138,44,attractive,2
783,"('44', 'flow', 'attractive', '3')",75.06866666666666,44,attractive,3
784,"('44', 'flow', 'attractive', '4')",76.23375,44,attractive,4
786,"('44', 'flow', 'trustworthy', '1')",46.52538461538462,44,trustworthy,1
787,"('44', 'flow', 'trustworthy', '2')",47.713793103448275,44,trustworthy,2
788,"('44', 'flow', 'trustworthy', '3')",50.73800000000001,44,trustworthy,3
789,"('44', 'flow', 'trustworthy', '4')",54.617999999999995,44,trustworthy,4
801,"('45', 'flow', 'attractive', '1')",64.71384615384615,45,attractive,1
802,"('45', 'flow', 'attractive', '2')",68.1048717948718,45,attractive,2
803,"('45', 'flow', 'attractive', '3')",76.39241379310346,45,attractive,3
804,"('45', 'flow', 'attractive', '4')",70.07199999999999,45,attractive,4
806,"('45', 'flow', 'trustworthy', '1')",65.07115384615385,45,trustworthy,1
807,"('45', 'flow', 'trustworthy', '2')",67.15179487179488,45,trustworthy,2
808,"('45', 'flow', 'trustworthy', '3')",66.51172413793103,45,trustworthy,3
809,"('45', 'flow', 'trustworthy', '4')",64.00566666666667,45,trustworthy,4
821,"('46', 'flow', 'attractive', '1')",33.938809523809525,46,attractive,1
822,"('46', 'flow', 'attractive', '2')",37.60076923076923,46,attractive,2
823,"('46', 'flow', 'attractive', '3')",49.83102564102564,46,attractive,3
824,"('46', 'flow', 'attractive', '4')",47.014482758620694,46,attractive,4
826,"('46', 'flow', 'trustworthy', '1')",59.34,46,trustworthy,1
827,"('46', 'flow', 'trustworthy', '2')",63.65807692307692,46,trustworthy,2
828,"('46', 'flow', 'trustworthy', '3')",63.624102564102564,46,trustworthy,3
829,"('46', 'flow', 'trustworthy', '4')",58.62172413793103,46,trustworthy,4
841,"('47', 'flow', 'attractive', '1')",54.8130303030303,47,attractive,1
842,"('47', 'flow', 'attractive', '2')",64.2747619047619,47,attractive,2
843,"('47', 'flow', 'attractive', '3')",66.72923076923077,47,attractive,3
844,"('47', 'flow', 'attractive', '4')",71.72487179487179,47,attractive,4
846,"('47', 'flow', 'trustworthy', '1')",40.02969696969697,47,trustworthy,1
847,"('47', 'flow', 'trustworthy', '2')",46.732619047619046,47,trustworthy,2
848,"('47', 'flow', 'trustworthy', '3')",50.81192307692308,47,trustworthy,3
849,"('47', 'flow', 'trustworthy', '4')",57.84435897435897,47,trustworthy,4
861,"('48', 'flow', 'attractive', '1')",73.1432142857143,48,attractive,1
862,"('48', 'flow', 'attractive', '2')",71.3569696969697,48,attractive,2
863,"('48', 'flow', 'attractive', '3')",73.76523809523809,48,attractive,3
864,"('48', 'flow', 'attractive', '4')",67.09307692307692,48,attractive,4
866,"('48', 'flow', 'trustworthy', '1')",61.167857142857144,48,trustworthy,1
867,"('48', 'flow', 'trustworthy', '2')",55.55787878787879,48,trustworthy,2
868,"('48', 'flow', 'trustworthy', '3')",55.21190476190476,48,trustworthy,3
869,"('48', 'flow', 'trustworthy', '4')",56.323076923076925,48,trustworthy,4
881,"('49', 'flow', 'attractive', '1')",63.82189189189189,49,attractive,1
882,"('49', 'flow', 'attractive', '2')",74.79785714285715,49,attractive,2
883,"('49', 'flow', 'attractive', '3')",78.82060606060605,49,attractive,3
884,"('49', 'flow', 'attractive', '4')",82.06857142857143,49,attractive,4
886,"('49', 'flow', 'trustworthy', '1')",58.894594594594594,49,trustworthy,1
887,"('49', 'flow', 'trustworthy', '2')",65.61285714285715,49,trustworthy,2
888,"('49', 'flow', 'trustworthy', '3')",60.69151515151515,49,trustworthy,3
889,"('49', 'flow', 'trustworthy', '4')",63.470238095238095,49,trustworthy,4
901,"('5', 'flow', 'attractive', '1')",48.317692307692305,5,attractive,1
902,"('5', 'flow', 'attractive', '2')",59.72461538461539,5,attractive,2
903,"('5', 'flow', 'attractive', '3')",59.99655172413792,5,attractive,3
904,"('5', 'flow', 'attractive', '4')",59.355,5,attractive,4
906,"('5', 'flow', 'trustworthy', '1')",51.535384615384615,5,trustworthy,1
907,"('5', 'flow', 'trustworthy', '2')",57.93153846153846,5,trustworthy,2
908,"('5', 'flow', 'trustworthy', '3')",52.637241379310346,5,trustworthy,3
909,"('5', 'flow', 'trustworthy', '4')",55.56033333333333,5,trustworthy,4
921,"('6', 'flow', 'attractive', '1')",36.44952380952381,6,attractive,1
922,"('6', 'flow', 'attractive', '2')",42.96769230769231,6,attractive,2
923,"('6', 'flow', 'attractive', '3')",50.69179487179487,6,attractive,3
924,"('6', 'flow', 'attractive', '4')",55.394137931034486,6,attractive,4
926,"('6', 'flow', 'trustworthy', '1')",56.29785714285714,6,trustworthy,1
927,"('6', 'flow', 'trustworthy', '2')",61.68653846153846,6,trustworthy,2
928,"('6', 'flow', 'trustworthy', '3')",61.072051282051284,6,trustworthy,3
929,"('6', 'flow', 'trustworthy', '4')",63.30137931034483,6,trustworthy,4
941,"('7', 'flow', 'attractive', '1')",51.75575757575758,7,attractive,1
942,"('7', 'flow', 'attractive', '2')",53.41952380952381,7,attractive,2
943,"('7', 'flow', 'attractive', '3')",59.63,7,attractive,3
944,"('7', 'flow', 'attractive', '4')",68.07820512820513,7,attractive,4
946,"('7', 'flow', 'trustworthy', '1')",42.3530303030303,7,trustworthy,1
947,"('7', 'flow', 'trustworthy', '2')",40.82476190476191,7,trustworthy,2
948,"('7', 'flow', 'trustworthy', '3')",53.027307692307694,7,trustworthy,3
949,"('7', 'flow', 'trustworthy', '4')",47.33,7,trustworthy,4
961,"('8', 'flow', 'attractive', '1')",39.14785714285715,8,attractive,1
962,"('8', 'flow', 'attractive', '2')",42.77454545454545,8,attractive,2
963,"('8', 'flow', 'attractive', '3')",46.35047619047619,8,attractive,3
964,"('8', 'flow', 'attractive', '4')",43.901538461538465,8,attractive,4
966,"('8', 'flow', 'trustworthy', '1')",45.79071428571429,8,trustworthy,1
967,"('8', 'flow', 'trustworthy', '2')",45.29,8,trustworthy,2
968,"('8', 'flow', 'trustworthy', '3')",52.225476190476186,8,trustworthy,3
969,"('8', 'flow', 'trustworthy', '4')",49.00307692307692,8,trustworthy,4
981,"('9', 'flow', 'attractive', '1')",53.14783783783784,9,attractive,1
982,"('9', 'flow', 'attractive', '2')",56.46678571428571,9,attractive,2
983,"('9', 'flow', 'attractive', '3')",60.00121212121212,9,attractive,3
984,"('9', 'flow', 'attractive', '4')",60.59904761904762,9,attractive,4
986,"('9', 'flow', 'trustworthy', '1')",48.9454054054054,9,trustworthy,1
987,"('9', 'flow', 'trustworthy', '2')",56.23642857142857,9,trustworthy,2
988,"('9', 'flow', 'trustworthy', '3')",46.53272727272727,9,trustworthy,3
989,"('9', 'flow', 'trustworthy', '4')",51.395,9,trustworthy,4
10,"('0', 'vector', 'attractive', '0')",18.95,0,attractive,0
15,"('0', 'vector', 'trustworthy', '0')",72.38452380952381,0,trustworthy,0
30,"('1', 'vector', 'attractive', '0')",52.47878787878788,1,attractive,0
35,"('1', 'vector', 'trustworthy', '0')",53.52818181818182,1,trustworthy,0
50,"('10', 'vector', 'attractive', '0')",51.64833333333333,10,attractive,0
55,"('10', 'vector', 'trustworthy', '0')",50.55761904761905,10,trustworthy,0
70,"('11', 'vector', 'attractive', '0')",67.59848484848484,11,attractive,0
75,"('11', 'vector', 'trustworthy', '0')",56.302121212121214,11,trustworthy,0
90,"('12', 'vector', 'attractive', '0')",44.76392857142857,12,attractive,0
95,"('12', 'vector', 'trustworthy', '0')",45.04535714285714,12,trustworthy,0
110,"('13', 'vector', 'attractive', '0')",47.31648648648649,13,attractive,0
115,"('13', 'vector', 'trustworthy', '0')",45.115135135135134,13,trustworthy,0
130,"('14', 'vector', 'attractive', '0')",35.61857142857143,14,attractive,0
135,"('14', 'vector', 'trustworthy', '0')",52.84914285714286,14,trustworthy,0
150,"('15', 'vector', 'attractive', '0')",37.415,15,attractive,0
155,"('15', 'vector', 'trustworthy', '0')",30.2935,15,trustworthy,0
170,"('16', 'vector', 'attractive', '0')",44.47666666666667,16,attractive,0
175,"('16', 'vector', 'trustworthy', '0')",52.03666666666666,16,trustworthy,0
190,"('17', 'vector', 'attractive', '0')",44.183793103448274,17,attractive,0
195,"('17', 'vector', 'trustworthy', '0')",42.43448275862069,17,trustworthy,0
210,"('18', 'vector', 'attractive', '0')",39.20128205128205,18,attractive,0
215,"('18', 'vector', 'trustworthy', '0')",62.27538461538461,18,trustworthy,0
230,"('19', 'vector', 'attractive', '0')",56.91730769230769,19,attractive,0
235,"('19', 'vector', 'trustworthy', '0')",41.150000000000006,19,trustworthy,0
250,"('2', 'vector', 'attractive', '0')",42.785000000000004,2,attractive,0
255,"('2', 'vector', 'trustworthy', '0')",41.00642857142857,2,trustworthy,0
270,"('20', 'vector', 'attractive', '0')",47.022380952380956,20,attractive,0
275,"('20', 'vector', 'trustworthy', '0')",32.35880952380952,20,trustworthy,0
290,"('21', 'vector', 'attractive', '0')",47.551818181818184,21,attractive,0
295,"('21', 'vector', 'trustworthy', '0')",48.17545454545454,21,trustworthy,0
310,"('22', 'vector', 'attractive', '0')",55.55964285714286,22,attractive,0
315,"('22', 'vector', 'trustworthy', '0')",56.532500000000006,22,trustworthy,0
330,"('23', 'vector', 'attractive', '0')",61.30567567567567,23,attractive,0
335,"('23', 'vector', 'trustworthy', '0')",58.77594594594595,23,trustworthy,0
350,"('24', 'vector', 'attractive', '0')",39.51285714285714,24,attractive,0
355,"('24', 'vector', 'trustworthy', '0')",42.59457142857143,24,trustworthy,0
370,"('25', 'vector', 'attractive', '0')",22.36025,25,attractive,0
375,"('25', 'vector', 'trustworthy', '0')",44.011,25,trustworthy,0
390,"('26', 'vector', 'attractive', '0')",43.04666666666667,26,attractive,0
395,"('26', 'vector', 'trustworthy', '0')",55.78099999999999,26,trustworthy,0
410,"('27', 'vector', 'attractive', '0')",31.16551724137931,27,attractive,0
415,"('27', 'vector', 'trustworthy', '0')",39.84931034482759,27,trustworthy,0
430,"('28', 'vector', 'attractive', '0')",50.328717948717944,28,attractive,0
435,"('28', 'vector', 'trustworthy', '0')",64.3625641025641,28,trustworthy,0
450,"('29', 'vector', 'attractive', '0')",47.56923076923077,29,attractive,0
455,"('29', 'vector', 'trustworthy', '0')",51.58461538461539,29,trustworthy,0
470,"('3', 'vector', 'attractive', '0')",45.26054054054054,3,attractive,0
475,"('3', 'vector', 'trustworthy', '0')",44.58864864864865,3,trustworthy,0
490,"('30', 'vector', 'attractive', '0')",50.06119047619048,30,attractive,0
495,"('30', 'vector', 'trustworthy', '0')",61.06214285714286,30,trustworthy,0
510,"('31', 'vector', 'attractive', '0')",72.68969696969698,31,attractive,0
515,"('31', 'vector', 'trustworthy', '0')",58.52909090909091,31,trustworthy,0
530,"('32', 'vector', 'attractive', '0')",31.866071428571427,32,attractive,0
535,"('32', 'vector', 'trustworthy', '0')",46.36107142857143,32,trustworthy,0
550,"('33', 'vector', 'attractive', '0')",40.21675675675676,33,attractive,0
555,"('33', 'vector', 'trustworthy', '0')",48.5,33,trustworthy,0
570,"('34', 'vector', 'attractive', '0')",52.609428571428566,34,attractive,0
575,"('34', 'vector', 'trustworthy', '0')",39.67628571428572,34,trustworthy,0
590,"('35', 'vector', 'attractive', '0')",36.60725,35,attractive,0
595,"('35', 'vector', 'trustworthy', '0')",44.9495,35,trustworthy,0
610,"('36', 'vector', 'attractive', '0')",24.057000000000002,36,attractive,0
615,"('36', 'vector', 'trustworthy', '0')",38.09533333333333,36,trustworthy,0
630,"('37', 'vector', 'attractive', '0')",65.53137931034483,37,attractive,0
635,"('37', 'vector', 'trustworthy', '0')",49.528275862068966,37,trustworthy,0
650,"('38', 'vector', 'attractive', '0')",45.665128205128205,38,attractive,0
655,"('38', 'vector', 'trustworthy', '0')",42.71358974358974,38,trustworthy,0
670,"('39', 'vector', 'attractive', '0')",42.77461538461539,39,attractive,0
675,"('39', 'vector', 'trustworthy', '0')",53.09576923076923,39,trustworthy,0
690,"('4', 'vector', 'attractive', '0')",60.767428571428574,4,attractive,0
695,"('4', 'vector', 'trustworthy', '0')",52.02428571428572,4,trustworthy,0
710,"('40', 'vector', 'attractive', '0')",35.20214285714286,40,attractive,0
715,"('40', 'vector', 'trustworthy', '0')",43.62547619047619,40,trustworthy,0
730,"('41', 'vector', 'attractive', '0')",39.27909090909091,41,attractive,0
735,"('41', 'vector', 'trustworthy', '0')",53.00909090909091,41,trustworthy,0
750,"('42', 'vector', 'attractive', '0')",45.59178571428571,42,attractive,0
755,"('42', 'vector', 'trustworthy', '0')",52.0775,42,trustworthy,0
770,"('43', 'vector', 'attractive', '0')",44.62189189189189,43,attractive,0
775,"('43', 'vector', 'trustworthy', '0')",55.138648648648655,43,trustworthy,0
790,"('44', 'vector', 'attractive', '0')",66.53342857142857,44,attractive,0
795,"('44', 'vector', 'trustworthy', '0')",40.21,44,trustworthy,0
810,"('45', 'vector', 'attractive', '0')",60.029999999999994,45,attractive,0
815,"('45', 'vector', 'trustworthy', '0')",67.46074999999999,45,trustworthy,0
830,"('46', 'vector', 'attractive', '0')",27.971666666666668,46,attractive,0
835,"('46', 'vector', 'trustworthy', '0')",41.654,46,trustworthy,0
850,"('47', 'vector', 'attractive', '0')",33.15793103448276,47,attractive,0
855,"('47', 'vector', 'trustworthy', '0')",39.00896551724138,47,trustworthy,0
870,"('48', 'vector', 'attractive', '0')",66.04230769230769,48,attractive,0
875,"('48', 'vector', 'trustworthy', '0')",44.5725641025641,48,trustworthy,0
890,"('49', 'vector', 'attractive', '0')",50.82076923076923,49,attractive,0
895,"('49', 'vector', 'trustworthy', '0')",57.025000000000006,49,trustworthy,0
910,"('5', 'vector', 'attractive', '0')",39.909499999999994,5,attractive,0
915,"('5', 'vector', 'trustworthy', '0')",50.09075,5,trustworthy,0
930,"('6', 'vector', 'attractive', '0')",33.492333333333335,6,attractive,0
935,"('6', 'vector', 'trustworthy', '0')",43.085,6,trustworthy,0
950,"('7', 'vector', 'attractive', '0')",46.005172413793105,7,attractive,0
955,"('7', 'vector', 'trustworthy', '0')",40.01068965517241,7,trustworthy,0
970,"('8', 'vector', 'attractive', '0')",34.954358974358975,8,attractive,0
975,"('8', 'vector', 'trustworthy', '0')",38.21025641025641,8,trustworthy,0
990,"('9', 'vector', 'attractive', '0')",42.88038461538462,9,attractive,0
995,"('9', 'vector', 'trustworthy', '0')",51.51307692307692,9,trustworthy,0
